{
    "limit": 1,
    "owner":{},
    "admin":{},
    "addadmin":false,
    "delladmin":false,
    "staff":{},
    "addstaff":false,
    "dellstaff":false,
    "bots":{},
    "addbots":false,
    "dellbots":false,
    "blacklist":{},
    "wblacklist":false,
    "dblacklist":false,
    "Talkblacklist":{},
    "Talkwblacklist":false,
    "Talkdblacklist":false,
    "talkban":true,
    "contact":false,
    "autoJoin":true,
    "autoAdd":true,
    "autoLeave":false,
    "autoLeave1":false,
    "detectMention":false,
    "Mentiongift":false,
    "Mentionkick":false,
    "welcomeOn":false,
    "sticker":false,
    "selfbot":true,
    "unsend":false,
    "mention":"Nah lu lagi",
    "Respontag":"jangan Tag gw anjing",
    "welcome":"kam anak anjing",
    "leave":"Pamit dulu bray",
    "comment":"ᴀᴜᴛᴏʟɪᴋᴇ ʙʏ \n\n\n\n︻╦̵̵͇̿̿̿̿╤─PANTEK ᵏⁱˡˡᵉʳ\nOwner antares",
    "message":"kenapa lu add bangsat"
}